model,epoch,total_epoch,unix_time,iso_time
hyper_mscale_deeponet,5,50000,1788046781,2026-08-30T08:39:41+09:00
hyper_mscale_deeponet,62,50000,1788046841,2026-08-30T08:40:41+09:00
hyper_mscale_deeponet,116,50000,1788046901,2026-08-30T08:41:41+09:00
hyper_mscale_deeponet,170,50000,1788046961,2026-08-30T08:42:41+09:00
hyper_mscale_deeponet,225,50000,1788047021,2026-08-30T08:43:41+09:00
hyper_mscale_deeponet,276,50000,1788047081,2026-08-30T08:44:41+09:00
hyper_mscale_deeponet,332,50000,1788047141,2026-08-30T08:45:41+09:00
hyper_mscale_deeponet,385,50000,1788047202,2026-08-30T08:46:42+09:00
hyper_mscale_deeponet,441,50000,1788047262,2026-08-30T08:47:42+09:00
hyper_mscale_deeponet,498,50000,1788047322,2026-08-30T08:48:42+09:00
hyper_mscale_deeponet,555,50000,1788047382,2026-08-30T08:49:42+09:00
hyper_mscale_deeponet,606,50000,1788047442,2026-08-30T08:50:42+09:00
hyper_mscale_deeponet,658,50000,1788047502,2026-08-30T08:51:42+09:00
hyper_mscale_deeponet,712,50000,1788047562,2026-08-30T08:52:42+09:00
hyper_mscale_deeponet,766,50000,1788047622,2026-08-30T08:53:42+09:00
hyper_mscale_deeponet,818,50000,1788047682,2026-08-30T08:54:42+09:00
hyper_mscale_deeponet,872,50000,1788047742,2026-08-30T08:55:42+09:00
hyper_mscale_deeponet,924,50000,1788047802,2026-08-30T08:56:42+09:00
hyper_mscale_deeponet,980,50000,1788047862,2026-08-30T08:57:42+09:00
hyper_mscale_deeponet,1031,50000,1788047922,2026-08-30T08:58:42+09:00
hyper_mscale_deeponet,1086,50000,1788047982,2026-08-30T08:59:42+09:00
hyper_mscale_deeponet,1141,50000,1788048042,2026-08-30T09:00:42+09:00
hyper_mscale_deeponet,1196,50000,1788048102,2026-08-30T09:01:42+09:00
hyper_mscale_deeponet,1252,50000,1788048162,2026-08-30T09:02:42+09:00
hyper_mscale_deeponet,1304,50000,1788048222,2026-08-30T09:03:42+09:00
hyper_mscale_deeponet,1361,50000,1788048282,2026-08-30T09:04:42+09:00
hyper_mscale_deeponet,1411,50000,1788048342,2026-08-30T09:05:42+09:00
hyper_mscale_deeponet,1461,50000,1788048402,2026-08-30T09:06:42+09:00
hyper_mscale_deeponet,1516,50000,1788048462,2026-08-30T09:07:42+09:00
hyper_mscale_deeponet,1569,50000,1788048522,2026-08-30T09:08:42+09:00
hyper_mscale_deeponet,1624,50000,1788048582,2026-08-30T09:09:42+09:00
hyper_mscale_deeponet,1677,50000,1788048642,2026-08-30T09:10:42+09:00
hyper_mscale_deeponet,1729,50000,1788048702,2026-08-30T09:11:42+09:00
hyper_mscale_deeponet,1788,50000,1788048762,2026-08-30T09:12:42+09:00
hyper_mscale_deeponet,1841,50000,1788048822,2026-08-30T09:13:42+09:00
hyper_mscale_deeponet,1896,50000,1788048882,2026-08-30T09:14:42+09:00
hyper_mscale_deeponet,1948,50000,1788048942,2026-08-30T09:15:42+09:00
hyper_mscale_deeponet,2002,50000,1788049002,2026-08-30T09:16:42+09:00
hyper_mscale_deeponet,2055,50000,1788049062,2026-08-30T09:17:42+09:00
hyper_mscale_deeponet,2111,50000,1788049122,2026-08-30T09:18:42+09:00
hyper_mscale_deeponet,2169,50000,1788049183,2026-08-30T09:19:43+09:00
hyper_mscale_deeponet,2226,50000,1788049243,2026-08-30T09:20:43+09:00
hyper_mscale_deeponet,2282,50000,1788049303,2026-08-30T09:21:43+09:00
hyper_mscale_deeponet,2336,50000,1788049363,2026-08-30T09:22:43+09:00
hyper_mscale_deeponet,2391,50000,1788049423,2026-08-30T09:23:43+09:00
hyper_mscale_deeponet,2443,50000,1788049483,2026-08-30T09:24:43+09:00
hyper_mscale_deeponet,2498,50000,1788049543,2026-08-30T09:25:43+09:00
hyper_mscale_deeponet,2554,50000,1788049603,2026-08-30T09:26:43+09:00
hyper_mscale_deeponet,2609,50000,1788049663,2026-08-30T09:27:43+09:00
hyper_mscale_deeponet,2664,50000,1788049723,2026-08-30T09:28:43+09:00
hyper_mscale_deeponet,2720,50000,1788049783,2026-08-30T09:29:43+09:00
hyper_mscale_deeponet,2774,50000,1788049843,2026-08-30T09:30:43+09:00
hyper_mscale_deeponet,2834,50000,1788049903,2026-08-30T09:31:43+09:00
hyper_mscale_deeponet,2891,50000,1788049963,2026-08-30T09:32:43+09:00
hyper_mscale_deeponet,2949,50000,1788050023,2026-08-30T09:33:43+09:00
hyper_mscale_deeponet,3002,50000,1788050083,2026-08-30T09:34:43+09:00
hyper_mscale_deeponet,3056,50000,1788050143,2026-08-30T09:35:43+09:00
hyper_mscale_deeponet,3111,50000,1788050203,2026-08-30T09:36:43+09:00
hyper_mscale_deeponet,3164,50000,1788050263,2026-08-30T09:37:43+09:00
hyper_mscale_deeponet,3223,50000,1788050323,2026-08-30T09:38:43+09:00
hyper_mscale_deeponet,3273,50000,1788050383,2026-08-30T09:39:43+09:00
hyper_mscale_deeponet,3328,50000,1788050443,2026-08-30T09:40:43+09:00
hyper_mscale_deeponet,3383,50000,1788050503,2026-08-30T09:41:43+09:00
hyper_mscale_deeponet,3436,50000,1788050564,2026-08-30T09:42:44+09:00
hyper_mscale_deeponet,3489,50000,1788050624,2026-08-30T09:43:44+09:00
hyper_mscale_deeponet,3543,50000,1788050684,2026-08-30T09:44:44+09:00
hyper_mscale_deeponet,3593,50000,1788050744,2026-08-30T09:45:44+09:00
hyper_mscale_deeponet,3639,50000,1788050804,2026-08-30T09:46:44+09:00
hyper_mscale_deeponet,3671,50000,1788050864,2026-08-30T09:47:44+09:00
hyper_mscale_deeponet,3705,50000,1788050924,2026-08-30T09:48:44+09:00
hyper_mscale_deeponet,3744,50000,1788050984,2026-08-30T09:49:44+09:00
hyper_mscale_deeponet,3789,50000,1788051044,2026-08-30T09:50:44+09:00
hyper_mscale_deeponet,3837,50000,1788051104,2026-08-30T09:51:44+09:00
hyper_mscale_deeponet,3879,50000,1788051165,2026-08-30T09:52:45+09:00
hyper_mscale_deeponet,3917,50000,1788051225,2026-08-30T09:53:45+09:00
hyper_mscale_deeponet,3947,50000,1788051285,2026-08-30T09:54:45+09:00
hyper_mscale_deeponet,3985,50000,1788051345,2026-08-30T09:55:45+09:00
hyper_mscale_deeponet,4019,50000,1788051405,2026-08-30T09:56:45+09:00
hyper_mscale_deeponet,4055,50000,1788051465,2026-08-30T09:57:45+09:00
hyper_mscale_deeponet,4090,50000,1788051525,2026-08-30T09:58:45+09:00
hyper_mscale_deeponet,4138,50000,1788051585,2026-08-30T09:59:45+09:00
hyper_mscale_deeponet,4176,50000,1788051645,2026-08-30T10:00:45+09:00
hyper_mscale_deeponet,4220,50000,1788051705,2026-08-30T10:01:45+09:00
hyper_mscale_deeponet,4267,50000,1788051766,2026-08-30T10:02:46+09:00
hyper_mscale_deeponet,4311,50000,1788051826,2026-08-30T10:03:46+09:00
hyper_mscale_deeponet,4355,50000,1788051886,2026-08-30T10:04:46+09:00
hyper_mscale_deeponet,4397,50000,1788051946,2026-08-30T10:05:46+09:00
hyper_mscale_deeponet,4444,50000,1788052006,2026-08-30T10:06:46+09:00
hyper_mscale_deeponet,4486,50000,1788052066,2026-08-30T10:07:46+09:00
hyper_mscale_deeponet,4536,50000,1788052126,2026-08-30T10:08:46+09:00
hyper_mscale_deeponet,4587,50000,1788052186,2026-08-30T10:09:46+09:00
hyper_mscale_deeponet,4637,50000,1788052246,2026-08-30T10:10:46+09:00
hyper_mscale_deeponet,4684,50000,1788052306,2026-08-30T10:11:46+09:00
hyper_mscale_deeponet,4734,50000,1788052366,2026-08-30T10:12:46+09:00
hyper_mscale_deeponet,4782,50000,1788052427,2026-08-30T10:13:47+09:00
hyper_mscale_deeponet,4826,50000,1788052487,2026-08-30T10:14:47+09:00
hyper_mscale_deeponet,4870,50000,1788052547,2026-08-30T10:15:47+09:00
hyper_mscale_deeponet,4922,50000,1788052607,2026-08-30T10:16:47+09:00
hyper_mscale_deeponet,4971,50000,1788052667,2026-08-30T10:17:47+09:00
hyper_mscale_deeponet,5019,50000,1788052727,2026-08-30T10:18:47+09:00
hyper_mscale_deeponet,5062,50000,1788052787,2026-08-30T10:19:47+09:00
hyper_mscale_deeponet,5105,50000,1788052847,2026-08-30T10:20:47+09:00
hyper_mscale_deeponet,5146,50000,1788052907,2026-08-30T10:21:47+09:00
hyper_mscale_deeponet,5189,50000,1788052967,2026-08-30T10:22:47+09:00
hyper_mscale_deeponet,5237,50000,1788053027,2026-08-30T10:23:47+09:00
hyper_mscale_deeponet,5284,50000,1788053088,2026-08-30T10:24:48+09:00
hyper_mscale_deeponet,5327,50000,1788053148,2026-08-30T10:25:48+09:00
hyper_mscale_deeponet,5371,50000,1788053208,2026-08-30T10:26:48+09:00
hyper_mscale_deeponet,5414,50000,1788053268,2026-08-30T10:27:48+09:00
hyper_mscale_deeponet,5457,50000,1788053328,2026-08-30T10:28:48+09:00
hyper_mscale_deeponet,5502,50000,1788053388,2026-08-30T10:29:48+09:00
hyper_mscale_deeponet,5547,50000,1788053448,2026-08-30T10:30:48+09:00
hyper_mscale_deeponet,5591,50000,1788053508,2026-08-30T10:31:48+09:00
hyper_mscale_deeponet,5636,50000,1788053568,2026-08-30T10:32:48+09:00
hyper_mscale_deeponet,5679,50000,1788053628,2026-08-30T10:33:48+09:00
hyper_mscale_deeponet,5721,50000,1788053689,2026-08-30T10:34:49+09:00
hyper_mscale_deeponet,5769,50000,1788053749,2026-08-30T10:35:49+09:00
hyper_mscale_deeponet,5811,50000,1788053809,2026-08-30T10:36:49+09:00
hyper_mscale_deeponet,5852,50000,1788053869,2026-08-30T10:37:49+09:00
hyper_mscale_deeponet,5906,50000,1788053929,2026-08-30T10:38:49+09:00
hyper_mscale_deeponet,5960,50000,1788053989,2026-08-30T10:39:49+09:00
hyper_mscale_deeponet,6016,50000,1788054049,2026-08-30T10:40:49+09:00
hyper_mscale_deeponet,6068,50000,1788054109,2026-08-30T10:41:49+09:00
hyper_mscale_deeponet,6121,50000,1788054169,2026-08-30T10:42:49+09:00
hyper_mscale_deeponet,6178,50000,1788054229,2026-08-30T10:43:49+09:00
hyper_mscale_deeponet,6232,50000,1788054289,2026-08-30T10:44:49+09:00
hyper_mscale_deeponet,6290,50000,1788054350,2026-08-30T10:45:50+09:00
hyper_mscale_deeponet,6346,50000,1788054410,2026-08-30T10:46:50+09:00
hyper_mscale_deeponet,6397,50000,1788054470,2026-08-30T10:47:50+09:00
hyper_mscale_deeponet,6455,50000,1788054530,2026-08-30T10:48:50+09:00
hyper_mscale_deeponet,6506,50000,1788054590,2026-08-30T10:49:50+09:00
hyper_mscale_deeponet,6564,50000,1788054650,2026-08-30T10:50:50+09:00
hyper_mscale_deeponet,6618,50000,1788054710,2026-08-30T10:51:50+09:00
hyper_mscale_deeponet,6673,50000,1788054770,2026-08-30T10:52:50+09:00
hyper_mscale_deeponet,6731,50000,1788054830,2026-08-30T10:53:50+09:00
hyper_mscale_deeponet,6786,50000,1788054890,2026-08-30T10:54:50+09:00
hyper_mscale_deeponet,6842,50000,1788054950,2026-08-30T10:55:50+09:00
hyper_mscale_deeponet,6898,50000,1788055011,2026-08-30T10:56:51+09:00
hyper_mscale_deeponet,6957,50000,1788055071,2026-08-30T10:57:51+09:00
hyper_mscale_deeponet,7014,50000,1788055131,2026-08-30T10:58:51+09:00
hyper_mscale_deeponet,7070,50000,1788055191,2026-08-30T10:59:51+09:00
hyper_mscale_deeponet,7127,50000,1788055251,2026-08-30T11:00:51+09:00
hyper_mscale_deeponet,7184,50000,1788055311,2026-08-30T11:01:51+09:00
hyper_mscale_deeponet,7242,50000,1788055371,2026-08-30T11:02:51+09:00
hyper_mscale_deeponet,7294,50000,1788055431,2026-08-30T11:03:51+09:00
hyper_mscale_deeponet,7346,50000,1788055491,2026-08-30T11:04:51+09:00
hyper_mscale_deeponet,7398,50000,1788055551,2026-08-30T11:05:51+09:00
hyper_mscale_deeponet,7453,50000,1788055612,2026-08-30T11:06:52+09:00
hyper_mscale_deeponet,7507,50000,1788055672,2026-08-30T11:07:52+09:00
hyper_mscale_deeponet,7561,50000,1788055732,2026-08-30T11:08:52+09:00
hyper_mscale_deeponet,7617,50000,1788055792,2026-08-30T11:09:52+09:00
hyper_mscale_deeponet,7673,50000,1788055852,2026-08-30T11:10:52+09:00
hyper_mscale_deeponet,7725,50000,1788055912,2026-08-30T11:11:52+09:00
hyper_mscale_deeponet,7778,50000,1788055973,2026-08-30T11:12:53+09:00
hyper_mscale_deeponet,7832,50000,1788056033,2026-08-30T11:13:53+09:00
hyper_mscale_deeponet,7887,50000,1788056093,2026-08-30T11:14:53+09:00
hyper_mscale_deeponet,7938,50000,1788056153,2026-08-30T11:15:53+09:00
hyper_mscale_deeponet,7984,50000,1788056213,2026-08-30T11:16:53+09:00
hyper_mscale_deeponet,8032,50000,1788056274,2026-08-30T11:17:54+09:00
hyper_mscale_deeponet,8084,50000,1788056334,2026-08-30T11:18:54+09:00
hyper_mscale_deeponet,8129,50000,1788056394,2026-08-30T11:19:54+09:00
hyper_mscale_deeponet,8175,50000,1788056454,2026-08-30T11:20:54+09:00
hyper_mscale_deeponet,8221,50000,1788056514,2026-08-30T11:21:54+09:00
hyper_mscale_deeponet,8267,50000,1788056574,2026-08-30T11:22:54+09:00
hyper_mscale_deeponet,8311,50000,1788056634,2026-08-30T11:23:54+09:00
hyper_mscale_deeponet,8354,50000,1788056694,2026-08-30T11:24:54+09:00
hyper_mscale_deeponet,8402,50000,1788056755,2026-08-30T11:25:55+09:00
hyper_mscale_deeponet,8447,50000,1788056815,2026-08-30T11:26:55+09:00
hyper_mscale_deeponet,8496,50000,1788056875,2026-08-30T11:27:55+09:00
hyper_mscale_deeponet,8544,50000,1788056935,2026-08-30T11:28:55+09:00
hyper_mscale_deeponet,8592,50000,1788056995,2026-08-30T11:29:55+09:00
hyper_mscale_deeponet,8640,50000,1788057055,2026-08-30T11:30:55+09:00
hyper_mscale_deeponet,8687,50000,1788057115,2026-08-30T11:31:55+09:00
hyper_mscale_deeponet,8734,50000,1788057176,2026-08-30T11:32:56+09:00
hyper_mscale_deeponet,8779,50000,1788057236,2026-08-30T11:33:56+09:00
hyper_mscale_deeponet,8826,50000,1788057296,2026-08-30T11:34:56+09:00
hyper_mscale_deeponet,8872,50000,1788057356,2026-08-30T11:35:56+09:00
hyper_mscale_deeponet,8920,50000,1788057417,2026-08-30T11:36:57+09:00
hyper_mscale_deeponet,8967,50000,1788057477,2026-08-30T11:37:57+09:00
hyper_mscale_deeponet,9017,50000,1788057537,2026-08-30T11:38:57+09:00
hyper_mscale_deeponet,9064,50000,1788057597,2026-08-30T11:39:57+09:00
hyper_mscale_deeponet,9115,50000,1788057657,2026-08-30T11:40:57+09:00
hyper_mscale_deeponet,9166,50000,1788057717,2026-08-30T11:41:57+09:00
hyper_mscale_deeponet,9215,50000,1788057777,2026-08-30T11:42:57+09:00
hyper_mscale_deeponet,9262,50000,1788057838,2026-08-30T11:43:58+09:00
hyper_mscale_deeponet,9312,50000,1788057898,2026-08-30T11:44:58+09:00
hyper_mscale_deeponet,9361,50000,1788057958,2026-08-30T11:45:58+09:00
hyper_mscale_deeponet,9409,50000,1788058018,2026-08-30T11:46:58+09:00
hyper_mscale_deeponet,9460,50000,1788058078,2026-08-30T11:47:58+09:00
hyper_mscale_deeponet,9512,50000,1788058138,2026-08-30T11:48:58+09:00
hyper_mscale_deeponet,9562,50000,1788058198,2026-08-30T11:49:58+09:00
hyper_mscale_deeponet,9615,50000,1788058259,2026-08-30T11:50:59+09:00
hyper_mscale_deeponet,9670,50000,1788058319,2026-08-30T11:51:59+09:00
hyper_mscale_deeponet,9721,50000,1788058379,2026-08-30T11:52:59+09:00
hyper_mscale_deeponet,9773,50000,1788058439,2026-08-30T11:53:59+09:00
hyper_mscale_deeponet,9825,50000,1788058499,2026-08-30T11:54:59+09:00
hyper_mscale_deeponet,9880,50000,1788058559,2026-08-30T11:55:59+09:00
hyper_mscale_deeponet,9942,50000,1788058619,2026-08-30T11:56:59+09:00
hyper_mscale_deeponet,10003,50000,1788058680,2026-08-30T11:58:00+09:00
hyper_mscale_deeponet,10065,50000,1788058740,2026-08-30T11:59:00+09:00
hyper_mscale_deeponet,10124,50000,1788058800,2026-08-30T12:00:00+09:00
hyper_mscale_deeponet,10182,50000,1788058860,2026-08-30T12:01:00+09:00
hyper_mscale_deeponet,10242,50000,1788058920,2026-08-30T12:02:00+09:00
hyper_mscale_deeponet,10302,50000,1788058980,2026-08-30T12:03:00+09:00
hyper_mscale_deeponet,10364,50000,1788059040,2026-08-30T12:04:00+09:00
hyper_mscale_deeponet,10426,50000,1788059101,2026-08-30T12:05:01+09:00
hyper_mscale_deeponet,10488,50000,1788059161,2026-08-30T12:06:01+09:00
hyper_mscale_deeponet,10551,50000,1788059221,2026-08-30T12:07:01+09:00
hyper_mscale_deeponet,10613,50000,1788059281,2026-08-30T12:08:01+09:00
hyper_mscale_deeponet,10675,50000,1788059341,2026-08-30T12:09:01+09:00
hyper_mscale_deeponet,10738,50000,1788059401,2026-08-30T12:10:01+09:00
hyper_mscale_deeponet,10801,50000,1788059461,2026-08-30T12:11:01+09:00
hyper_mscale_deeponet,10864,50000,1788059522,2026-08-30T12:12:02+09:00
hyper_mscale_deeponet,10927,50000,1788059582,2026-08-30T12:13:02+09:00
hyper_mscale_deeponet,10989,50000,1788059642,2026-08-30T12:14:02+09:00
hyper_mscale_deeponet,11052,50000,1788059702,2026-08-30T12:15:02+09:00
hyper_mscale_deeponet,11114,50000,1788059762,2026-08-30T12:16:02+09:00
hyper_mscale_deeponet,11177,50000,1788059822,2026-08-30T12:17:02+09:00
hyper_mscale_deeponet,11240,50000,1788059882,2026-08-30T12:18:02+09:00
hyper_mscale_deeponet,11303,50000,1788059943,2026-08-30T12:19:03+09:00
hyper_mscale_deeponet,11366,50000,1788060003,2026-08-30T12:20:03+09:00
hyper_mscale_deeponet,11429,50000,1788060063,2026-08-30T12:21:03+09:00
hyper_mscale_deeponet,11492,50000,1788060123,2026-08-30T12:22:03+09:00
hyper_mscale_deeponet,11555,50000,1788060183,2026-08-30T12:23:03+09:00
hyper_mscale_deeponet,11618,50000,1788060243,2026-08-30T12:24:03+09:00
hyper_mscale_deeponet,11680,50000,1788060303,2026-08-30T12:25:03+09:00
hyper_mscale_deeponet,11743,50000,1788060364,2026-08-30T12:26:04+09:00
hyper_mscale_deeponet,11806,50000,1788060424,2026-08-30T12:27:04+09:00
hyper_mscale_deeponet,11869,50000,1788060484,2026-08-30T12:28:04+09:00
hyper_mscale_deeponet,11931,50000,1788060544,2026-08-30T12:29:04+09:00
hyper_mscale_deeponet,11994,50000,1788060604,2026-08-30T12:30:04+09:00
hyper_mscale_deeponet,12057,50000,1788060664,2026-08-30T12:31:04+09:00
hyper_mscale_deeponet,12120,50000,1788060724,2026-08-30T12:32:04+09:00
hyper_mscale_deeponet,12183,50000,1788060785,2026-08-30T12:33:05+09:00
hyper_mscale_deeponet,12245,50000,1788060845,2026-08-30T12:34:05+09:00
hyper_mscale_deeponet,12308,50000,1788060905,2026-08-30T12:35:05+09:00
hyper_mscale_deeponet,12371,50000,1788060965,2026-08-30T12:36:05+09:00
hyper_mscale_deeponet,12434,50000,1788061025,2026-08-30T12:37:05+09:00
hyper_mscale_deeponet,12497,50000,1788061085,2026-08-30T12:38:05+09:00
hyper_mscale_deeponet,12560,50000,1788061146,2026-08-30T12:39:06+09:00
hyper_mscale_deeponet,12622,50000,1788061206,2026-08-30T12:40:06+09:00
hyper_mscale_deeponet,12685,50000,1788061266,2026-08-30T12:41:06+09:00
hyper_mscale_deeponet,12749,50000,1788061326,2026-08-30T12:42:06+09:00
hyper_mscale_deeponet,12812,50000,1788061386,2026-08-30T12:43:06+09:00
hyper_mscale_deeponet,12874,50000,1788061446,2026-08-30T12:44:06+09:00
hyper_mscale_deeponet,12937,50000,1788061507,2026-08-30T12:45:07+09:00
hyper_mscale_deeponet,13000,50000,1788061567,2026-08-30T12:46:07+09:00
hyper_mscale_deeponet,13064,50000,1788061627,2026-08-30T12:47:07+09:00
hyper_mscale_deeponet,13127,50000,1788061687,2026-08-30T12:48:07+09:00
hyper_mscale_deeponet,13190,50000,1788061747,2026-08-30T12:49:07+09:00
hyper_mscale_deeponet,13254,50000,1788061807,2026-08-30T12:50:07+09:00
hyper_mscale_deeponet,13317,50000,1788061868,2026-08-30T12:51:08+09:00
hyper_mscale_deeponet,13381,50000,1788061928,2026-08-30T12:52:08+09:00
hyper_mscale_deeponet,13444,50000,1788061988,2026-08-30T12:53:08+09:00
hyper_mscale_deeponet,13508,50000,1788062048,2026-08-30T12:54:08+09:00
hyper_mscale_deeponet,13571,50000,1788062108,2026-08-30T12:55:08+09:00
hyper_mscale_deeponet,13634,50000,1788062168,2026-08-30T12:56:08+09:00
hyper_mscale_deeponet,13698,50000,1788062229,2026-08-30T12:57:09+09:00
hyper_mscale_deeponet,13761,50000,1788062289,2026-08-30T12:58:09+09:00
hyper_mscale_deeponet,13824,50000,1788062349,2026-08-30T12:59:09+09:00
hyper_mscale_deeponet,13888,50000,1788062409,2026-08-30T13:00:09+09:00
hyper_mscale_deeponet,13951,50000,1788062469,2026-08-30T13:01:09+09:00
hyper_mscale_deeponet,14015,50000,1788062529,2026-08-30T13:02:09+09:00
hyper_mscale_deeponet,14079,50000,1788062590,2026-08-30T13:03:10+09:00
hyper_mscale_deeponet,14142,50000,1788062650,2026-08-30T13:04:10+09:00
hyper_mscale_deeponet,14206,50000,1788062710,2026-08-30T13:05:10+09:00
hyper_mscale_deeponet,14269,50000,1788062770,2026-08-30T13:06:10+09:00
hyper_mscale_deeponet,14332,50000,1788062830,2026-08-30T13:07:10+09:00
hyper_mscale_deeponet,14395,50000,1788062891,2026-08-30T13:08:11+09:00
hyper_mscale_deeponet,14458,50000,1788062951,2026-08-30T13:09:11+09:00
hyper_mscale_deeponet,14520,50000,1788063011,2026-08-30T13:10:11+09:00
hyper_mscale_deeponet,14583,50000,1788063071,2026-08-30T13:11:11+09:00
hyper_mscale_deeponet,14646,50000,1788063131,2026-08-30T13:12:11+09:00
hyper_mscale_deeponet,14709,50000,1788063191,2026-08-30T13:13:11+09:00
hyper_mscale_deeponet,14772,50000,1788063252,2026-08-30T13:14:12+09:00
hyper_mscale_deeponet,14835,50000,1788063312,2026-08-30T13:15:12+09:00
hyper_mscale_deeponet,14898,50000,1788063372,2026-08-30T13:16:12+09:00
hyper_mscale_deeponet,14961,50000,1788063432,2026-08-30T13:17:12+09:00
hyper_mscale_deeponet,15024,50000,1788063492,2026-08-30T13:18:12+09:00
hyper_mscale_deeponet,15087,50000,1788063553,2026-08-30T13:19:13+09:00
hyper_mscale_deeponet,15148,50000,1788063613,2026-08-30T13:20:13+09:00
hyper_mscale_deeponet,15211,50000,1788063673,2026-08-30T13:21:13+09:00
hyper_mscale_deeponet,15273,50000,1788063733,2026-08-30T13:22:13+09:00
hyper_mscale_deeponet,15336,50000,1788063793,2026-08-30T13:23:13+09:00
hyper_mscale_deeponet,15400,50000,1788063854,2026-08-30T13:24:14+09:00
hyper_mscale_deeponet,15463,50000,1788063914,2026-08-30T13:25:14+09:00
hyper_mscale_deeponet,15525,50000,1788063974,2026-08-30T13:26:14+09:00
hyper_mscale_deeponet,15588,50000,1788064034,2026-08-30T13:27:14+09:00
hyper_mscale_deeponet,15652,50000,1788064094,2026-08-30T13:28:14+09:00
hyper_mscale_deeponet,15714,50000,1788064155,2026-08-30T13:29:15+09:00
hyper_mscale_deeponet,15778,50000,1788064215,2026-08-30T13:30:15+09:00
hyper_mscale_deeponet,15840,50000,1788064275,2026-08-30T13:31:15+09:00
hyper_mscale_deeponet,15903,50000,1788064335,2026-08-30T13:32:15+09:00
hyper_mscale_deeponet,15966,50000,1788064395,2026-08-30T13:33:15+09:00
hyper_mscale_deeponet,16029,50000,1788064456,2026-08-30T13:34:16+09:00
hyper_mscale_deeponet,16090,50000,1788064516,2026-08-30T13:35:16+09:00
hyper_mscale_deeponet,16152,50000,1788064576,2026-08-30T13:36:16+09:00
hyper_mscale_deeponet,16215,50000,1788064636,2026-08-30T13:37:16+09:00
hyper_mscale_deeponet,16277,50000,1788064696,2026-08-30T13:38:16+09:00
hyper_mscale_deeponet,16340,50000,1788064757,2026-08-30T13:39:17+09:00
hyper_mscale_deeponet,16402,50000,1788064817,2026-08-30T13:40:17+09:00
hyper_mscale_deeponet,16462,50000,1788064877,2026-08-30T13:41:17+09:00
hyper_mscale_deeponet,16525,50000,1788064937,2026-08-30T13:42:17+09:00
hyper_mscale_deeponet,16587,50000,1788064998,2026-08-30T13:43:18+09:00
hyper_mscale_deeponet,16648,50000,1788065058,2026-08-30T13:44:18+09:00
hyper_mscale_deeponet,16710,50000,1788065118,2026-08-30T13:45:18+09:00
hyper_mscale_deeponet,16772,50000,1788065178,2026-08-30T13:46:18+09:00
hyper_mscale_deeponet,16834,50000,1788065238,2026-08-30T13:47:18+09:00
hyper_mscale_deeponet,16896,50000,1788065299,2026-08-30T13:48:19+09:00
hyper_mscale_deeponet,16958,50000,1788065359,2026-08-30T13:49:19+09:00
hyper_mscale_deeponet,17021,50000,1788065419,2026-08-30T13:50:19+09:00
hyper_mscale_deeponet,17083,50000,1788065479,2026-08-30T13:51:19+09:00
hyper_mscale_deeponet,17145,50000,1788065540,2026-08-30T13:52:20+09:00
hyper_mscale_deeponet,17207,50000,1788065600,2026-08-30T13:53:20+09:00
hyper_mscale_deeponet,17268,50000,1788065660,2026-08-30T13:54:20+09:00
hyper_mscale_deeponet,17330,50000,1788065720,2026-08-30T13:55:20+09:00
hyper_mscale_deeponet,17392,50000,1788065780,2026-08-30T13:56:20+09:00
hyper_mscale_deeponet,17454,50000,1788065841,2026-08-30T13:57:21+09:00
hyper_mscale_deeponet,17516,50000,1788065901,2026-08-30T13:58:21+09:00
hyper_mscale_deeponet,17577,50000,1788065961,2026-08-30T13:59:21+09:00
hyper_mscale_deeponet,17640,50000,1788066021,2026-08-30T14:00:21+09:00
hyper_mscale_deeponet,17703,50000,1788066082,2026-08-30T14:01:22+09:00
hyper_mscale_deeponet,17766,50000,1788066142,2026-08-30T14:02:22+09:00
hyper_mscale_deeponet,17829,50000,1788066202,2026-08-30T14:03:22+09:00
hyper_mscale_deeponet,17893,50000,1788066262,2026-08-30T14:04:22+09:00
hyper_mscale_deeponet,17957,50000,1788066322,2026-08-30T14:05:22+09:00
hyper_mscale_deeponet,18020,50000,1788066383,2026-08-30T14:06:23+09:00
hyper_mscale_deeponet,18084,50000,1788066443,2026-08-30T14:07:23+09:00
hyper_mscale_deeponet,18148,50000,1788066503,2026-08-30T14:08:23+09:00
hyper_mscale_deeponet,18211,50000,1788066563,2026-08-30T14:09:23+09:00
hyper_mscale_deeponet,18275,50000,1788066624,2026-08-30T14:10:24+09:00
hyper_mscale_deeponet,18339,50000,1788066684,2026-08-30T14:11:24+09:00
hyper_mscale_deeponet,18402,50000,1788066744,2026-08-30T14:12:24+09:00
hyper_mscale_deeponet,18423,50000,1788066804,2026-08-30T14:13:24+09:00
hyper_mscale_deeponet,18439,50000,1788066865,2026-08-30T14:14:25+09:00
hyper_mscale_deeponet,18455,50000,1788066925,2026-08-30T14:15:25+09:00
hyper_mscale_deeponet,18472,50000,1788066986,2026-08-30T14:16:26+09:00
hyper_mscale_deeponet,18488,50000,1788067047,2026-08-30T14:17:27+09:00
hyper_mscale_deeponet,18502,50000,1788067107,2026-08-30T14:18:27+09:00
hyper_mscale_deeponet,18521,50000,1788067168,2026-08-30T14:19:28+09:00
hyper_mscale_deeponet,18539,50000,1788067228,2026-08-30T14:20:28+09:00
hyper_mscale_deeponet,18553,50000,1788067289,2026-08-30T14:21:29+09:00
hyper_mscale_deeponet,18570,50000,1788067349,2026-08-30T14:22:29+09:00
hyper_mscale_deeponet,18585,50000,1788067410,2026-08-30T14:23:30+09:00
hyper_mscale_deeponet,18603,50000,1788067470,2026-08-30T14:24:30+09:00
hyper_mscale_deeponet,18618,50000,1788067531,2026-08-30T14:25:31+09:00
hyper_mscale_deeponet,18643,50000,1788067591,2026-08-30T14:26:31+09:00
hyper_mscale_deeponet,18658,50000,1788067652,2026-08-30T14:27:32+09:00
hyper_mscale_deeponet,18673,50000,1788067712,2026-08-30T14:28:32+09:00
hyper_mscale_deeponet,18689,50000,1788067773,2026-08-30T14:29:33+09:00
hyper_mscale_deeponet,18704,50000,1788067833,2026-08-30T14:30:33+09:00
hyper_mscale_deeponet,18720,50000,1788067894,2026-08-30T14:31:34+09:00
hyper_mscale_deeponet,18736,50000,1788067954,2026-08-30T14:32:34+09:00
hyper_mscale_deeponet,18752,50000,1788068015,2026-08-30T14:33:35+09:00
hyper_mscale_deeponet,18768,50000,1788068075,2026-08-30T14:34:35+09:00
hyper_mscale_deeponet,18784,50000,1788068136,2026-08-30T14:35:36+09:00
hyper_mscale_deeponet,18800,50000,1788068196,2026-08-30T14:36:36+09:00
hyper_mscale_deeponet,18815,50000,1788068257,2026-08-30T14:37:37+09:00
hyper_mscale_deeponet,18832,50000,1788068317,2026-08-30T14:38:37+09:00
hyper_mscale_deeponet,18850,50000,1788068378,2026-08-30T14:39:38+09:00
hyper_mscale_deeponet,18865,50000,1788068438,2026-08-30T14:40:38+09:00
hyper_mscale_deeponet,18881,50000,1788068499,2026-08-30T14:41:39+09:00
hyper_mscale_deeponet,18895,50000,1788068559,2026-08-30T14:42:39+09:00
hyper_mscale_deeponet,18909,50000,1788068620,2026-08-30T14:43:40+09:00
hyper_mscale_deeponet,18922,50000,1788068681,2026-08-30T14:44:41+09:00
hyper_mscale_deeponet,18932,50000,1788068742,2026-08-30T14:45:42+09:00
hyper_mscale_deeponet,18942,50000,1788068803,2026-08-30T14:46:43+09:00
hyper_mscale_deeponet,18952,50000,1788068863,2026-08-30T14:47:43+09:00
hyper_mscale_deeponet,18963,50000,1788068924,2026-08-30T14:48:44+09:00
hyper_mscale_deeponet,18975,50000,1788068984,2026-08-30T14:49:44+09:00
hyper_mscale_deeponet,18987,50000,1788069045,2026-08-30T14:50:45+09:00
hyper_mscale_deeponet,19001,50000,1788069105,2026-08-30T14:51:45+09:00
hyper_mscale_deeponet,19014,50000,1788069166,2026-08-30T14:52:46+09:00
hyper_mscale_deeponet,19026,50000,1788069226,2026-08-30T14:53:46+09:00
hyper_mscale_deeponet,19039,50000,1788069287,2026-08-30T14:54:47+09:00
hyper_mscale_deeponet,19051,50000,1788069348,2026-08-30T14:55:48+09:00
hyper_mscale_deeponet,19063,50000,1788069408,2026-08-30T14:56:48+09:00
hyper_mscale_deeponet,19075,50000,1788069469,2026-08-30T14:57:49+09:00
hyper_mscale_deeponet,19087,50000,1788069529,2026-08-30T14:58:49+09:00
hyper_mscale_deeponet,19099,50000,1788069590,2026-08-30T14:59:50+09:00
hyper_mscale_deeponet,19114,50000,1788069651,2026-08-30T15:00:51+09:00
hyper_mscale_deeponet,19128,50000,1788069711,2026-08-30T15:01:51+09:00
hyper_mscale_deeponet,19142,50000,1788069772,2026-08-30T15:02:52+09:00
hyper_mscale_deeponet,19156,50000,1788069833,2026-08-30T15:03:53+09:00
hyper_mscale_deeponet,19169,50000,1788069893,2026-08-30T15:04:53+09:00
hyper_mscale_deeponet,19184,50000,1788069954,2026-08-30T15:05:54+09:00
hyper_mscale_deeponet,19200,50000,1788070014,2026-08-30T15:06:54+09:00
hyper_mscale_deeponet,19214,50000,1788070075,2026-08-30T15:07:55+09:00
hyper_mscale_deeponet,19229,50000,1788070135,2026-08-30T15:08:55+09:00
hyper_mscale_deeponet,19244,50000,1788070196,2026-08-30T15:09:56+09:00
hyper_mscale_deeponet,19258,50000,1788070256,2026-08-30T15:10:56+09:00
hyper_mscale_deeponet,19273,50000,1788070317,2026-08-30T15:11:57+09:00
hyper_mscale_deeponet,19287,50000,1788070377,2026-08-30T15:12:57+09:00
hyper_mscale_deeponet,19302,50000,1788070438,2026-08-30T15:13:58+09:00
hyper_mscale_deeponet,19316,50000,1788070498,2026-08-30T15:14:58+09:00
hyper_mscale_deeponet,19330,50000,1788070559,2026-08-30T15:15:59+09:00
hyper_mscale_deeponet,19345,50000,1788070619,2026-08-30T15:16:59+09:00
hyper_mscale_deeponet,19360,50000,1788070680,2026-08-30T15:18:00+09:00
hyper_mscale_deeponet,19377,50000,1788070740,2026-08-30T15:19:00+09:00
hyper_mscale_deeponet,19393,50000,1788070801,2026-08-30T15:20:01+09:00
hyper_mscale_deeponet,19408,50000,1788070862,2026-08-30T15:21:02+09:00
hyper_mscale_deeponet,19421,50000,1788070922,2026-08-30T15:22:02+09:00
hyper_mscale_deeponet,19436,50000,1788070983,2026-08-30T15:23:03+09:00
hyper_mscale_deeponet,19449,50000,1788071043,2026-08-30T15:24:03+09:00
hyper_mscale_deeponet,19463,50000,1788071104,2026-08-30T15:25:04+09:00
hyper_mscale_deeponet,19476,50000,1788071164,2026-08-30T15:26:04+09:00
hyper_mscale_deeponet,19491,50000,1788071225,2026-08-30T15:27:05+09:00
hyper_mscale_deeponet,19505,50000,1788071285,2026-08-30T15:28:05+09:00
hyper_mscale_deeponet,19520,50000,1788071346,2026-08-30T15:29:06+09:00
hyper_mscale_deeponet,19535,50000,1788071406,2026-08-30T15:30:06+09:00
hyper_mscale_deeponet,19549,50000,1788071467,2026-08-30T15:31:07+09:00
hyper_mscale_deeponet,19567,50000,1788071527,2026-08-30T15:32:07+09:00
hyper_mscale_deeponet,19584,50000,1788071588,2026-08-30T15:33:08+09:00
hyper_mscale_deeponet,19602,50000,1788071648,2026-08-30T15:34:08+09:00
hyper_mscale_deeponet,19619,50000,1788071709,2026-08-30T15:35:09+09:00
hyper_mscale_deeponet,19637,50000,1788071769,2026-08-30T15:36:09+09:00
hyper_mscale_deeponet,19653,50000,1788071830,2026-08-30T15:37:10+09:00
hyper_mscale_deeponet,19669,50000,1788071890,2026-08-30T15:38:10+09:00
hyper_mscale_deeponet,19685,50000,1788071951,2026-08-30T15:39:11+09:00
hyper_mscale_deeponet,19702,50000,1788072011,2026-08-30T15:40:11+09:00
hyper_mscale_deeponet,19719,50000,1788072072,2026-08-30T15:41:12+09:00
hyper_mscale_deeponet,19737,50000,1788072132,2026-08-30T15:42:12+09:00
hyper_mscale_deeponet,19752,50000,1788072193,2026-08-30T15:43:13+09:00
hyper_mscale_deeponet,19766,50000,1788072253,2026-08-30T15:44:13+09:00
hyper_mscale_deeponet,19780,50000,1788072314,2026-08-30T15:45:14+09:00
hyper_mscale_deeponet,19795,50000,1788072374,2026-08-30T15:46:14+09:00
hyper_mscale_deeponet,19810,50000,1788072435,2026-08-30T15:47:15+09:00
hyper_mscale_deeponet,19824,50000,1788072496,2026-08-30T15:48:16+09:00
hyper_mscale_deeponet,19838,50000,1788072556,2026-08-30T15:49:16+09:00
hyper_mscale_deeponet,19853,50000,1788072617,2026-08-30T15:50:17+09:00
hyper_mscale_deeponet,19866,50000,1788072677,2026-08-30T15:51:17+09:00
hyper_mscale_deeponet,19880,50000,1788072738,2026-08-30T15:52:18+09:00
hyper_mscale_deeponet,19892,50000,1788072798,2026-08-30T15:53:18+09:00
hyper_mscale_deeponet,19904,50000,1788072859,2026-08-30T15:54:19+09:00
hyper_mscale_deeponet,19917,50000,1788072920,2026-08-30T15:55:20+09:00
hyper_mscale_deeponet,19931,50000,1788072980,2026-08-30T15:56:20+09:00
hyper_mscale_deeponet,19946,50000,1788073041,2026-08-30T15:57:21+09:00
hyper_mscale_deeponet,19960,50000,1788073101,2026-08-30T15:58:21+09:00
hyper_mscale_deeponet,19975,50000,1788073162,2026-08-30T15:59:22+09:00
hyper_mscale_deeponet,19988,50000,1788073222,2026-08-30T16:00:22+09:00
hyper_mscale_deeponet,20001,50000,1788073283,2026-08-30T16:01:23+09:00
hyper_mscale_deeponet,20014,50000,1788073343,2026-08-30T16:02:23+09:00
hyper_mscale_deeponet,20028,50000,1788073404,2026-08-30T16:03:24+09:00
hyper_mscale_deeponet,20042,50000,1788073464,2026-08-30T16:04:24+09:00
hyper_mscale_deeponet,20058,50000,1788073525,2026-08-30T16:05:25+09:00
hyper_mscale_deeponet,20074,50000,1788073585,2026-08-30T16:06:25+09:00
hyper_mscale_deeponet,20089,50000,1788073646,2026-08-30T16:07:26+09:00
hyper_mscale_deeponet,20105,50000,1788073706,2026-08-30T16:08:26+09:00
hyper_mscale_deeponet,20121,50000,1788073767,2026-08-30T16:09:27+09:00
hyper_mscale_deeponet,20140,50000,1788073828,2026-08-30T16:10:28+09:00
hyper_mscale_deeponet,20155,50000,1788073888,2026-08-30T16:11:28+09:00
hyper_mscale_deeponet,20171,50000,1788073949,2026-08-30T16:12:29+09:00
hyper_mscale_deeponet,20186,50000,1788074010,2026-08-30T16:13:30+09:00
hyper_mscale_deeponet,20201,50000,1788074070,2026-08-30T16:14:30+09:00
hyper_mscale_deeponet,20217,50000,1788074131,2026-08-30T16:15:31+09:00
hyper_mscale_deeponet,20232,50000,1788074191,2026-08-30T16:16:31+09:00
hyper_mscale_deeponet,20247,50000,1788074252,2026-08-30T16:17:32+09:00
hyper_mscale_deeponet,20263,50000,1788074312,2026-08-30T16:18:32+09:00
hyper_mscale_deeponet,20282,50000,1788074373,2026-08-30T16:19:33+09:00
hyper_mscale_deeponet,20298,50000,1788074433,2026-08-30T16:20:33+09:00
hyper_mscale_deeponet,20316,50000,1788074493,2026-08-30T16:21:33+09:00
hyper_mscale_deeponet,20333,50000,1788074554,2026-08-30T16:22:34+09:00
hyper_mscale_deeponet,20349,50000,1788074615,2026-08-30T16:23:35+09:00
hyper_mscale_deeponet,20364,50000,1788074675,2026-08-30T16:24:35+09:00
hyper_mscale_deeponet,20380,50000,1788074736,2026-08-30T16:25:36+09:00
hyper_mscale_deeponet,20396,50000,1788074796,2026-08-30T16:26:36+09:00
hyper_mscale_deeponet,20413,50000,1788074857,2026-08-30T16:27:37+09:00
hyper_mscale_deeponet,20427,50000,1788074917,2026-08-30T16:28:37+09:00
hyper_mscale_deeponet,20443,50000,1788074978,2026-08-30T16:29:38+09:00
hyper_mscale_deeponet,20458,50000,1788075038,2026-08-30T16:30:38+09:00
hyper_mscale_deeponet,20474,50000,1788075099,2026-08-30T16:31:39+09:00
hyper_mscale_deeponet,20488,50000,1788075160,2026-08-30T16:32:40+09:00
hyper_mscale_deeponet,20506,50000,1788075220,2026-08-30T16:33:40+09:00
hyper_mscale_deeponet,20521,50000,1788075281,2026-08-30T16:34:41+09:00
hyper_mscale_deeponet,20536,50000,1788075341,2026-08-30T16:35:41+09:00
hyper_mscale_deeponet,20551,50000,1788075402,2026-08-30T16:36:42+09:00
hyper_mscale_deeponet,20569,50000,1788075462,2026-08-30T16:37:42+09:00
hyper_mscale_deeponet,20584,50000,1788075523,2026-08-30T16:38:43+09:00
hyper_mscale_deeponet,20599,50000,1788075584,2026-08-30T16:39:44+09:00
hyper_mscale_deeponet,20615,50000,1788075645,2026-08-30T16:40:45+09:00
hyper_mscale_deeponet,20631,50000,1788075705,2026-08-30T16:41:45+09:00
hyper_mscale_deeponet,20646,50000,1788075766,2026-08-30T16:42:46+09:00
hyper_mscale_deeponet,20662,50000,1788075826,2026-08-30T16:43:46+09:00
hyper_mscale_deeponet,20676,50000,1788075887,2026-08-30T16:44:47+09:00
hyper_mscale_deeponet,20691,50000,1788075948,2026-08-30T16:45:48+09:00
hyper_mscale_deeponet,20705,50000,1788076008,2026-08-30T16:46:48+09:00
hyper_mscale_deeponet,20720,50000,1788076069,2026-08-30T16:47:49+09:00
hyper_mscale_deeponet,20734,50000,1788076130,2026-08-30T16:48:50+09:00
hyper_mscale_deeponet,20749,50000,1788076190,2026-08-30T16:49:50+09:00
hyper_mscale_deeponet,20764,50000,1788076251,2026-08-30T16:50:51+09:00
hyper_mscale_deeponet,20781,50000,1788076311,2026-08-30T16:51:51+09:00
hyper_mscale_deeponet,20795,50000,1788076372,2026-08-30T16:52:52+09:00
hyper_mscale_deeponet,20812,50000,1788076432,2026-08-30T16:53:52+09:00
hyper_mscale_deeponet,20829,50000,1788076493,2026-08-30T16:54:53+09:00
hyper_mscale_deeponet,20845,50000,1788076554,2026-08-30T16:55:54+09:00
hyper_mscale_deeponet,20862,50000,1788076615,2026-08-30T16:56:55+09:00
hyper_mscale_deeponet,20877,50000,1788076675,2026-08-30T16:57:55+09:00
hyper_mscale_deeponet,20892,50000,1788076735,2026-08-30T16:58:55+09:00
hyper_mscale_deeponet,20909,50000,1788076796,2026-08-30T16:59:56+09:00
hyper_mscale_deeponet,20925,50000,1788076857,2026-08-30T17:00:57+09:00
hyper_mscale_deeponet,20940,50000,1788076917,2026-08-30T17:01:57+09:00
hyper_mscale_deeponet,20957,50000,1788076977,2026-08-30T17:02:57+09:00
hyper_mscale_deeponet,20973,50000,1788077038,2026-08-30T17:03:58+09:00
hyper_mscale_deeponet,20988,50000,1788077099,2026-08-30T17:04:59+09:00
hyper_mscale_deeponet,21005,50000,1788077160,2026-08-30T17:06:00+09:00
hyper_mscale_deeponet,21022,50000,1788077220,2026-08-30T17:07:00+09:00
hyper_mscale_deeponet,21038,50000,1788077281,2026-08-30T17:08:01+09:00
hyper_mscale_deeponet,21057,50000,1788077342,2026-08-30T17:09:02+09:00
hyper_mscale_deeponet,21077,50000,1788077402,2026-08-30T17:10:02+09:00
hyper_mscale_deeponet,21094,50000,1788077463,2026-08-30T17:11:03+09:00
hyper_mscale_deeponet,21111,50000,1788077524,2026-08-30T17:12:04+09:00
hyper_mscale_deeponet,21128,50000,1788077584,2026-08-30T17:13:04+09:00
hyper_mscale_deeponet,21146,50000,1788077645,2026-08-30T17:14:05+09:00
hyper_mscale_deeponet,21163,50000,1788077705,2026-08-30T17:15:05+09:00
hyper_mscale_deeponet,21182,50000,1788077766,2026-08-30T17:16:06+09:00
hyper_mscale_deeponet,21192,50000,1788077827,2026-08-30T17:17:07+09:00
hyper_mscale_deeponet,21208,50000,1788077887,2026-08-30T17:18:07+09:00
hyper_mscale_deeponet,21228,50000,1788077948,2026-08-30T17:19:08+09:00
hyper_mscale_deeponet,21246,50000,1788078008,2026-08-30T17:20:08+09:00
hyper_mscale_deeponet,21265,50000,1788078069,2026-08-30T17:21:09+09:00
hyper_mscale_deeponet,21283,50000,1788078129,2026-08-30T17:22:09+09:00
hyper_mscale_deeponet,21299,50000,1788078190,2026-08-30T17:23:10+09:00
hyper_mscale_deeponet,21317,50000,1788078250,2026-08-30T17:24:10+09:00
hyper_mscale_deeponet,21337,50000,1788078311,2026-08-30T17:25:11+09:00
hyper_mscale_deeponet,21355,50000,1788078371,2026-08-30T17:26:11+09:00
hyper_mscale_deeponet,21373,50000,1788078432,2026-08-30T17:27:12+09:00
hyper_mscale_deeponet,21391,50000,1788078493,2026-08-30T17:28:13+09:00
hyper_mscale_deeponet,21423,50000,1788078553,2026-08-30T17:29:13+09:00
hyper_mscale_deeponet,21482,50000,1788078613,2026-08-30T17:30:13+09:00
hyper_mscale_deeponet,21542,50000,1788078673,2026-08-30T17:31:13+09:00
hyper_mscale_deeponet,21601,50000,1788078734,2026-08-30T17:32:14+09:00
hyper_mscale_deeponet,21660,50000,1788078794,2026-08-30T17:33:14+09:00
hyper_mscale_deeponet,21719,50000,1788078854,2026-08-30T17:34:14+09:00
hyper_mscale_deeponet,21777,50000,1788078915,2026-08-30T17:35:15+09:00
hyper_mscale_deeponet,21834,50000,1788078975,2026-08-30T17:36:15+09:00
hyper_mscale_deeponet,21890,50000,1788079035,2026-08-30T17:37:15+09:00
hyper_mscale_deeponet,21949,50000,1788079096,2026-08-30T17:38:16+09:00
hyper_mscale_deeponet,22008,50000,1788079156,2026-08-30T17:39:16+09:00
hyper_mscale_deeponet,22065,50000,1788079216,2026-08-30T17:40:16+09:00
hyper_mscale_deeponet,22122,50000,1788079277,2026-08-30T17:41:17+09:00
hyper_mscale_deeponet,22181,50000,1788079337,2026-08-30T17:42:17+09:00
hyper_mscale_deeponet,22237,50000,1788079398,2026-08-30T17:43:18+09:00
hyper_mscale_deeponet,22294,50000,1788079458,2026-08-30T17:44:18+09:00
hyper_mscale_deeponet,22352,50000,1788079518,2026-08-30T17:45:18+09:00
hyper_mscale_deeponet,22409,50000,1788079579,2026-08-30T17:46:19+09:00
hyper_mscale_deeponet,22469,50000,1788079639,2026-08-30T17:47:19+09:00
hyper_mscale_deeponet,22528,50000,1788079699,2026-08-30T17:48:19+09:00
hyper_mscale_deeponet,22586,50000,1788079760,2026-08-30T17:49:20+09:00
hyper_mscale_deeponet,22646,50000,1788079820,2026-08-30T17:50:20+09:00
hyper_mscale_deeponet,22704,50000,1788079880,2026-08-30T17:51:20+09:00
hyper_mscale_deeponet,22763,50000,1788079941,2026-08-30T17:52:21+09:00
hyper_mscale_deeponet,22822,50000,1788080001,2026-08-30T17:53:21+09:00
hyper_mscale_deeponet,22881,50000,1788080061,2026-08-30T17:54:21+09:00
hyper_mscale_deeponet,22940,50000,1788080122,2026-08-30T17:55:22+09:00
hyper_mscale_deeponet,23000,50000,1788080182,2026-08-30T17:56:22+09:00
hyper_mscale_deeponet,23060,50000,1788080242,2026-08-30T17:57:22+09:00
hyper_mscale_deeponet,23119,50000,1788080303,2026-08-30T17:58:23+09:00
hyper_mscale_deeponet,23179,50000,1788080363,2026-08-30T17:59:23+09:00
hyper_mscale_deeponet,23239,50000,1788080423,2026-08-30T18:00:23+09:00
hyper_mscale_deeponet,23298,50000,1788080484,2026-08-30T18:01:24+09:00
hyper_mscale_deeponet,23359,50000,1788080544,2026-08-30T18:02:24+09:00
hyper_mscale_deeponet,23420,50000,1788080604,2026-08-30T18:03:24+09:00
hyper_mscale_deeponet,23478,50000,1788080665,2026-08-30T18:04:25+09:00
hyper_mscale_deeponet,23537,50000,1788080725,2026-08-30T18:05:25+09:00
hyper_mscale_deeponet,23598,50000,1788080785,2026-08-30T18:06:25+09:00
hyper_mscale_deeponet,23656,50000,1788080846,2026-08-30T18:07:26+09:00
hyper_mscale_deeponet,23714,50000,1788080906,2026-08-30T18:08:26+09:00
hyper_mscale_deeponet,23773,50000,1788080966,2026-08-30T18:09:26+09:00
hyper_mscale_deeponet,23832,50000,1788081027,2026-08-30T18:10:27+09:00
hyper_mscale_deeponet,23890,50000,1788081087,2026-08-30T18:11:27+09:00
hyper_mscale_deeponet,23949,50000,1788081147,2026-08-30T18:12:27+09:00
hyper_mscale_deeponet,24009,50000,1788081208,2026-08-30T18:13:28+09:00
hyper_mscale_deeponet,24068,50000,1788081268,2026-08-30T18:14:28+09:00
hyper_mscale_deeponet,24127,50000,1788081329,2026-08-30T18:15:29+09:00
hyper_mscale_deeponet,24187,50000,1788081389,2026-08-30T18:16:29+09:00
hyper_mscale_deeponet,24246,50000,1788081449,2026-08-30T18:17:29+09:00
hyper_mscale_deeponet,24307,50000,1788081510,2026-08-30T18:18:30+09:00
hyper_mscale_deeponet,24366,50000,1788081570,2026-08-30T18:19:30+09:00
hyper_mscale_deeponet,24427,50000,1788081630,2026-08-30T18:20:30+09:00
hyper_mscale_deeponet,24486,50000,1788081691,2026-08-30T18:21:31+09:00
hyper_mscale_deeponet,24545,50000,1788081751,2026-08-30T18:22:31+09:00
hyper_mscale_deeponet,24603,50000,1788081811,2026-08-30T18:23:31+09:00
hyper_mscale_deeponet,24661,50000,1788081872,2026-08-30T18:24:32+09:00
hyper_mscale_deeponet,24720,50000,1788081932,2026-08-30T18:25:32+09:00
hyper_mscale_deeponet,24777,50000,1788081993,2026-08-30T18:26:33+09:00
hyper_mscale_deeponet,24836,50000,1788082053,2026-08-30T18:27:33+09:00
hyper_mscale_deeponet,24895,50000,1788082113,2026-08-30T18:28:33+09:00
hyper_mscale_deeponet,24952,50000,1788082174,2026-08-30T18:29:34+09:00
hyper_mscale_deeponet,25011,50000,1788082234,2026-08-30T18:30:34+09:00
hyper_mscale_deeponet,25073,50000,1788082294,2026-08-30T18:31:34+09:00
hyper_mscale_deeponet,25135,50000,1788082355,2026-08-30T18:32:35+09:00
hyper_mscale_deeponet,25198,50000,1788082415,2026-08-30T18:33:35+09:00
hyper_mscale_deeponet,25260,50000,1788082476,2026-08-30T18:34:36+09:00
hyper_mscale_deeponet,25323,50000,1788082536,2026-08-30T18:35:36+09:00
hyper_mscale_deeponet,25385,50000,1788082596,2026-08-30T18:36:36+09:00
hyper_mscale_deeponet,25446,50000,1788082657,2026-08-30T18:37:37+09:00
hyper_mscale_deeponet,25509,50000,1788082717,2026-08-30T18:38:37+09:00
hyper_mscale_deeponet,25572,50000,1788082777,2026-08-30T18:39:37+09:00
hyper_mscale_deeponet,25635,50000,1788082838,2026-08-30T18:40:38+09:00
hyper_mscale_deeponet,25697,50000,1788082898,2026-08-30T18:41:38+09:00
hyper_mscale_deeponet,25757,50000,1788082958,2026-08-30T18:42:38+09:00
hyper_mscale_deeponet,25819,50000,1788083019,2026-08-30T18:43:39+09:00
hyper_mscale_deeponet,25881,50000,1788083079,2026-08-30T18:44:39+09:00
hyper_mscale_deeponet,25944,50000,1788083139,2026-08-30T18:45:39+09:00
hyper_mscale_deeponet,26007,50000,1788083200,2026-08-30T18:46:40+09:00
hyper_mscale_deeponet,26069,50000,1788083260,2026-08-30T18:47:40+09:00
hyper_mscale_deeponet,26131,50000,1788083320,2026-08-30T18:48:40+09:00
hyper_mscale_deeponet,26194,50000,1788083381,2026-08-30T18:49:41+09:00
hyper_mscale_deeponet,26257,50000,1788083441,2026-08-30T18:50:41+09:00
hyper_mscale_deeponet,26318,50000,1788083501,2026-08-30T18:51:41+09:00
hyper_mscale_deeponet,26380,50000,1788083562,2026-08-30T18:52:42+09:00
hyper_mscale_deeponet,26443,50000,1788083622,2026-08-30T18:53:42+09:00
hyper_mscale_deeponet,26505,50000,1788083683,2026-08-30T18:54:43+09:00
hyper_mscale_deeponet,26568,50000,1788083743,2026-08-30T18:55:43+09:00
hyper_mscale_deeponet,26631,50000,1788083803,2026-08-30T18:56:43+09:00
hyper_mscale_deeponet,26693,50000,1788083864,2026-08-30T18:57:44+09:00
hyper_mscale_deeponet,26756,50000,1788083924,2026-08-30T18:58:44+09:00
hyper_mscale_deeponet,26818,50000,1788083984,2026-08-30T18:59:44+09:00
hyper_mscale_deeponet,26881,50000,1788084045,2026-08-30T19:00:45+09:00
hyper_mscale_deeponet,26944,50000,1788084105,2026-08-30T19:01:45+09:00
hyper_mscale_deeponet,27006,50000,1788084165,2026-08-30T19:02:45+09:00
hyper_mscale_deeponet,27069,50000,1788084226,2026-08-30T19:03:46+09:00
hyper_mscale_deeponet,27131,50000,1788084286,2026-08-30T19:04:46+09:00
hyper_mscale_deeponet,27194,50000,1788084346,2026-08-30T19:05:46+09:00
hyper_mscale_deeponet,27256,50000,1788084407,2026-08-30T19:06:47+09:00
hyper_mscale_deeponet,27319,50000,1788084467,2026-08-30T19:07:47+09:00
hyper_mscale_deeponet,27382,50000,1788084527,2026-08-30T19:08:47+09:00
hyper_mscale_deeponet,27445,50000,1788084588,2026-08-30T19:09:48+09:00
hyper_mscale_deeponet,27507,50000,1788084648,2026-08-30T19:10:48+09:00
hyper_mscale_deeponet,27570,50000,1788084709,2026-08-30T19:11:49+09:00
hyper_mscale_deeponet,27634,50000,1788084769,2026-08-30T19:12:49+09:00
hyper_mscale_deeponet,27697,50000,1788084829,2026-08-30T19:13:49+09:00
hyper_mscale_deeponet,27759,50000,1788084890,2026-08-30T19:14:50+09:00
hyper_mscale_deeponet,27823,50000,1788084950,2026-08-30T19:15:50+09:00
hyper_mscale_deeponet,27885,50000,1788085010,2026-08-30T19:16:50+09:00
hyper_mscale_deeponet,27948,50000,1788085071,2026-08-30T19:17:51+09:00
hyper_mscale_deeponet,28010,50000,1788085131,2026-08-30T19:18:51+09:00
hyper_mscale_deeponet,28073,50000,1788085192,2026-08-30T19:19:52+09:00
hyper_mscale_deeponet,28136,50000,1788085252,2026-08-30T19:20:52+09:00
hyper_mscale_deeponet,28199,50000,1788085312,2026-08-30T19:21:52+09:00
hyper_mscale_deeponet,28262,50000,1788085373,2026-08-30T19:22:53+09:00
hyper_mscale_deeponet,28324,50000,1788085433,2026-08-30T19:23:53+09:00
hyper_mscale_deeponet,28387,50000,1788085494,2026-08-30T19:24:54+09:00
hyper_mscale_deeponet,28450,50000,1788085554,2026-08-30T19:25:54+09:00
hyper_mscale_deeponet,28512,50000,1788085614,2026-08-30T19:26:54+09:00
hyper_mscale_deeponet,28575,50000,1788085675,2026-08-30T19:27:55+09:00
hyper_mscale_deeponet,28638,50000,1788085735,2026-08-30T19:28:55+09:00
hyper_mscale_deeponet,28701,50000,1788085796,2026-08-30T19:29:56+09:00
hyper_mscale_deeponet,28763,50000,1788085856,2026-08-30T19:30:56+09:00
hyper_mscale_deeponet,28825,50000,1788085916,2026-08-30T19:31:56+09:00
hyper_mscale_deeponet,28888,50000,1788085977,2026-08-30T19:32:57+09:00
hyper_mscale_deeponet,28950,50000,1788086037,2026-08-30T19:33:57+09:00
hyper_mscale_deeponet,29013,50000,1788086097,2026-08-30T19:34:57+09:00
hyper_mscale_deeponet,29076,50000,1788086158,2026-08-30T19:35:58+09:00
hyper_mscale_deeponet,29139,50000,1788086218,2026-08-30T19:36:58+09:00
hyper_mscale_deeponet,29202,50000,1788086279,2026-08-30T19:37:59+09:00
hyper_mscale_deeponet,29264,50000,1788086339,2026-08-30T19:38:59+09:00
hyper_mscale_deeponet,29327,50000,1788086399,2026-08-30T19:39:59+09:00
hyper_mscale_deeponet,29390,50000,1788086460,2026-08-30T19:41:00+09:00
hyper_mscale_deeponet,29453,50000,1788086520,2026-08-30T19:42:00+09:00
hyper_mscale_deeponet,29516,50000,1788086581,2026-08-30T19:43:01+09:00
hyper_mscale_deeponet,29579,50000,1788086641,2026-08-30T19:44:01+09:00
hyper_mscale_deeponet,29642,50000,1788086701,2026-08-30T19:45:01+09:00
hyper_mscale_deeponet,29704,50000,1788086762,2026-08-30T19:46:02+09:00
hyper_mscale_deeponet,29767,50000,1788086822,2026-08-30T19:47:02+09:00
hyper_mscale_deeponet,29829,50000,1788086883,2026-08-30T19:48:03+09:00
hyper_mscale_deeponet,29893,50000,1788086943,2026-08-30T19:49:03+09:00
hyper_mscale_deeponet,29956,50000,1788087003,2026-08-30T19:50:03+09:00
hyper_mscale_deeponet,30019,50000,1788087064,2026-08-30T19:51:04+09:00
hyper_mscale_deeponet,30082,50000,1788087124,2026-08-30T19:52:04+09:00
hyper_mscale_deeponet,30145,50000,1788087185,2026-08-30T19:53:05+09:00
hyper_mscale_deeponet,30207,50000,1788087245,2026-08-30T19:54:05+09:00
hyper_mscale_deeponet,30269,50000,1788087305,2026-08-30T19:55:05+09:00
hyper_mscale_deeponet,30332,50000,1788087366,2026-08-30T19:56:06+09:00
hyper_mscale_deeponet,30395,50000,1788087426,2026-08-30T19:57:06+09:00
hyper_mscale_deeponet,30458,50000,1788087487,2026-08-30T19:58:07+09:00
hyper_mscale_deeponet,30521,50000,1788087547,2026-08-30T19:59:07+09:00
hyper_mscale_deeponet,30585,50000,1788087607,2026-08-30T20:00:07+09:00
hyper_mscale_deeponet,30648,50000,1788087668,2026-08-30T20:01:08+09:00
hyper_mscale_deeponet,30711,50000,1788087728,2026-08-30T20:02:08+09:00
hyper_mscale_deeponet,30774,50000,1788087789,2026-08-30T20:03:09+09:00
hyper_mscale_deeponet,30837,50000,1788087849,2026-08-30T20:04:09+09:00
hyper_mscale_deeponet,30900,50000,1788087909,2026-08-30T20:05:09+09:00
hyper_mscale_deeponet,30963,50000,1788087970,2026-08-30T20:06:10+09:00
hyper_mscale_deeponet,31026,50000,1788088030,2026-08-30T20:07:10+09:00
hyper_mscale_deeponet,31089,50000,1788088091,2026-08-30T20:08:11+09:00
hyper_mscale_deeponet,31152,50000,1788088151,2026-08-30T20:09:11+09:00
hyper_mscale_deeponet,31215,50000,1788088212,2026-08-30T20:10:12+09:00
hyper_mscale_deeponet,31278,50000,1788088272,2026-08-30T20:11:12+09:00
hyper_mscale_deeponet,31341,50000,1788088332,2026-08-30T20:12:12+09:00
hyper_mscale_deeponet,31404,50000,1788088393,2026-08-30T20:13:13+09:00
hyper_mscale_deeponet,31467,50000,1788088453,2026-08-30T20:14:13+09:00
hyper_mscale_deeponet,31530,50000,1788088514,2026-08-30T20:15:14+09:00
hyper_mscale_deeponet,31593,50000,1788088574,2026-08-30T20:16:14+09:00
hyper_mscale_deeponet,31656,50000,1788088634,2026-08-30T20:17:14+09:00
hyper_mscale_deeponet,31719,50000,1788088695,2026-08-30T20:18:15+09:00
hyper_mscale_deeponet,31782,50000,1788088755,2026-08-30T20:19:15+09:00
hyper_mscale_deeponet,31845,50000,1788088816,2026-08-30T20:20:16+09:00
hyper_mscale_deeponet,31909,50000,1788088876,2026-08-30T20:21:16+09:00
hyper_mscale_deeponet,31972,50000,1788088937,2026-08-30T20:22:17+09:00
hyper_mscale_deeponet,32035,50000,1788088997,2026-08-30T20:23:17+09:00
hyper_mscale_deeponet,32099,50000,1788089057,2026-08-30T20:24:17+09:00
hyper_mscale_deeponet,32162,50000,1788089118,2026-08-30T20:25:18+09:00
hyper_mscale_deeponet,32225,50000,1788089178,2026-08-30T20:26:18+09:00
hyper_mscale_deeponet,32288,50000,1788089239,2026-08-30T20:27:19+09:00
hyper_mscale_deeponet,32351,50000,1788089299,2026-08-30T20:28:19+09:00
hyper_mscale_deeponet,32414,50000,1788089359,2026-08-30T20:29:19+09:00
hyper_mscale_deeponet,32478,50000,1788089420,2026-08-30T20:30:20+09:00
hyper_mscale_deeponet,32541,50000,1788089480,2026-08-30T20:31:20+09:00
hyper_mscale_deeponet,32604,50000,1788089541,2026-08-30T20:32:21+09:00
hyper_mscale_deeponet,32667,50000,1788089601,2026-08-30T20:33:21+09:00
hyper_mscale_deeponet,32731,50000,1788089662,2026-08-30T20:34:22+09:00
hyper_mscale_deeponet,32794,50000,1788089722,2026-08-30T20:35:22+09:00
hyper_mscale_deeponet,32857,50000,1788089783,2026-08-30T20:36:23+09:00
hyper_mscale_deeponet,32920,50000,1788089843,2026-08-30T20:37:23+09:00
hyper_mscale_deeponet,32983,50000,1788089903,2026-08-30T20:38:23+09:00
hyper_mscale_deeponet,33047,50000,1788089964,2026-08-30T20:39:24+09:00
hyper_mscale_deeponet,33110,50000,1788090024,2026-08-30T20:40:24+09:00
hyper_mscale_deeponet,33173,50000,1788090085,2026-08-30T20:41:25+09:00
hyper_mscale_deeponet,33236,50000,1788090145,2026-08-30T20:42:25+09:00
hyper_mscale_deeponet,33299,50000,1788090206,2026-08-30T20:43:26+09:00
hyper_mscale_deeponet,33363,50000,1788090266,2026-08-30T20:44:26+09:00
hyper_mscale_deeponet,33426,50000,1788090327,2026-08-30T20:45:27+09:00
hyper_mscale_deeponet,33489,50000,1788090387,2026-08-30T20:46:27+09:00
hyper_mscale_deeponet,33551,50000,1788090447,2026-08-30T20:47:27+09:00
hyper_mscale_deeponet,33614,50000,1788090508,2026-08-30T20:48:28+09:00
hyper_mscale_deeponet,33678,50000,1788090568,2026-08-30T20:49:28+09:00
hyper_mscale_deeponet,33741,50000,1788090629,2026-08-30T20:50:29+09:00
hyper_mscale_deeponet,33804,50000,1788090689,2026-08-30T20:51:29+09:00
hyper_mscale_deeponet,33867,50000,1788090750,2026-08-30T20:52:30+09:00
hyper_mscale_deeponet,33931,50000,1788090810,2026-08-30T20:53:30+09:00
hyper_mscale_deeponet,33994,50000,1788090871,2026-08-30T20:54:31+09:00
hyper_mscale_deeponet,34057,50000,1788090931,2026-08-30T20:55:31+09:00
hyper_mscale_deeponet,34120,50000,1788090991,2026-08-30T20:56:31+09:00
hyper_mscale_deeponet,34183,50000,1788091052,2026-08-30T20:57:32+09:00
hyper_mscale_deeponet,34246,50000,1788091112,2026-08-30T20:58:32+09:00
hyper_mscale_deeponet,34309,50000,1788091173,2026-08-30T20:59:33+09:00
hyper_mscale_deeponet,34372,50000,1788091233,2026-08-30T21:00:33+09:00
hyper_mscale_deeponet,34435,50000,1788091294,2026-08-30T21:01:34+09:00
hyper_mscale_deeponet,34498,50000,1788091354,2026-08-30T21:02:34+09:00
hyper_mscale_deeponet,34561,50000,1788091415,2026-08-30T21:03:35+09:00
hyper_mscale_deeponet,34624,50000,1788091475,2026-08-30T21:04:35+09:00
hyper_mscale_deeponet,34687,50000,1788091536,2026-08-30T21:05:36+09:00
hyper_mscale_deeponet,34750,50000,1788091596,2026-08-30T21:06:36+09:00
hyper_mscale_deeponet,34813,50000,1788091657,2026-08-30T21:07:37+09:00
hyper_mscale_deeponet,34876,50000,1788091717,2026-08-30T21:08:37+09:00
hyper_mscale_deeponet,34937,50000,1788091778,2026-08-30T21:09:38+09:00
hyper_mscale_deeponet,35000,50000,1788091838,2026-08-30T21:10:38+09:00
hyper_mscale_deeponet,35062,50000,1788091899,2026-08-30T21:11:39+09:00
hyper_mscale_deeponet,35125,50000,1788091959,2026-08-30T21:12:39+09:00
hyper_mscale_deeponet,35187,50000,1788092020,2026-08-30T21:13:40+09:00
hyper_mscale_deeponet,35250,50000,1788092080,2026-08-30T21:14:40+09:00
hyper_mscale_deeponet,35313,50000,1788092140,2026-08-30T21:15:40+09:00
hyper_mscale_deeponet,35375,50000,1788092201,2026-08-30T21:16:41+09:00
hyper_mscale_deeponet,35438,50000,1788092261,2026-08-30T21:17:41+09:00
hyper_mscale_deeponet,35500,50000,1788092322,2026-08-30T21:18:42+09:00
hyper_mscale_deeponet,35562,50000,1788092382,2026-08-30T21:19:42+09:00
hyper_mscale_deeponet,35624,50000,1788092443,2026-08-30T21:20:43+09:00
hyper_mscale_deeponet,35686,50000,1788092503,2026-08-30T21:21:43+09:00
hyper_mscale_deeponet,35748,50000,1788092564,2026-08-30T21:22:44+09:00
hyper_mscale_deeponet,35810,50000,1788092625,2026-08-30T21:23:45+09:00
hyper_mscale_deeponet,35872,50000,1788092685,2026-08-30T21:24:45+09:00
hyper_mscale_deeponet,35934,50000,1788092746,2026-08-30T21:25:46+09:00
hyper_mscale_deeponet,35996,50000,1788092806,2026-08-30T21:26:46+09:00
hyper_mscale_deeponet,36058,50000,1788092867,2026-08-30T21:27:47+09:00
hyper_mscale_deeponet,36120,50000,1788092927,2026-08-30T21:28:47+09:00
hyper_mscale_deeponet,36182,50000,1788092988,2026-08-30T21:29:48+09:00
hyper_mscale_deeponet,36243,50000,1788093048,2026-08-30T21:30:48+09:00
hyper_mscale_deeponet,36304,50000,1788093109,2026-08-30T21:31:49+09:00
hyper_mscale_deeponet,36366,50000,1788093169,2026-08-30T21:32:49+09:00
hyper_mscale_deeponet,36427,50000,1788093230,2026-08-30T21:33:50+09:00
hyper_mscale_deeponet,36490,50000,1788093290,2026-08-30T21:34:50+09:00
hyper_mscale_deeponet,36552,50000,1788093351,2026-08-30T21:35:51+09:00
hyper_mscale_deeponet,36614,50000,1788093411,2026-08-30T21:36:51+09:00
hyper_mscale_deeponet,36676,50000,1788093472,2026-08-30T21:37:52+09:00
hyper_mscale_deeponet,36737,50000,1788093532,2026-08-30T21:38:52+09:00
hyper_mscale_deeponet,36799,50000,1788093593,2026-08-30T21:39:53+09:00
hyper_mscale_deeponet,36861,50000,1788093653,2026-08-30T21:40:53+09:00
hyper_mscale_deeponet,36923,50000,1788093714,2026-08-30T21:41:54+09:00
hyper_mscale_deeponet,36984,50000,1788093774,2026-08-30T21:42:54+09:00
hyper_mscale_deeponet,37046,50000,1788093835,2026-08-30T21:43:55+09:00
hyper_mscale_deeponet,37109,50000,1788093895,2026-08-30T21:44:55+09:00
hyper_mscale_deeponet,37172,50000,1788093956,2026-08-30T21:45:56+09:00
hyper_mscale_deeponet,37234,50000,1788094016,2026-08-30T21:46:56+09:00
hyper_mscale_deeponet,37296,50000,1788094077,2026-08-30T21:47:57+09:00
hyper_mscale_deeponet,37358,50000,1788094137,2026-08-30T21:48:57+09:00
hyper_mscale_deeponet,37420,50000,1788094198,2026-08-30T21:49:58+09:00
hyper_mscale_deeponet,37481,50000,1788094258,2026-08-30T21:50:58+09:00
hyper_mscale_deeponet,37543,50000,1788094319,2026-08-30T21:51:59+09:00
hyper_mscale_deeponet,37605,50000,1788094379,2026-08-30T21:52:59+09:00
hyper_mscale_deeponet,37668,50000,1788094440,2026-08-30T21:54:00+09:00
hyper_mscale_deeponet,37730,50000,1788094500,2026-08-30T21:55:00+09:00
hyper_mscale_deeponet,37793,50000,1788094561,2026-08-30T21:56:01+09:00
hyper_mscale_deeponet,37855,50000,1788094622,2026-08-30T21:57:02+09:00
hyper_mscale_deeponet,37917,50000,1788094682,2026-08-30T21:58:02+09:00
hyper_mscale_deeponet,37981,50000,1788094743,2026-08-30T21:59:03+09:00
hyper_mscale_deeponet,38043,50000,1788094803,2026-08-30T22:00:03+09:00
hyper_mscale_deeponet,38105,50000,1788094864,2026-08-30T22:01:04+09:00
hyper_mscale_deeponet,38168,50000,1788094924,2026-08-30T22:02:04+09:00
hyper_mscale_deeponet,38230,50000,1788094985,2026-08-30T22:03:05+09:00
hyper_mscale_deeponet,38292,50000,1788095045,2026-08-30T22:04:05+09:00
hyper_mscale_deeponet,38355,50000,1788095106,2026-08-30T22:05:06+09:00
hyper_mscale_deeponet,38417,50000,1788095166,2026-08-30T22:06:06+09:00
hyper_mscale_deeponet,38479,50000,1788095227,2026-08-30T22:07:07+09:00
hyper_mscale_deeponet,38541,50000,1788095287,2026-08-30T22:08:07+09:00
hyper_mscale_deeponet,38603,50000,1788095348,2026-08-30T22:09:08+09:00
hyper_mscale_deeponet,38665,50000,1788095408,2026-08-30T22:10:08+09:00
hyper_mscale_deeponet,38728,50000,1788095469,2026-08-30T22:11:09+09:00
hyper_mscale_deeponet,38790,50000,1788095529,2026-08-30T22:12:09+09:00
hyper_mscale_deeponet,38852,50000,1788095590,2026-08-30T22:13:10+09:00
hyper_mscale_deeponet,38915,50000,1788095650,2026-08-30T22:14:10+09:00
hyper_mscale_deeponet,38978,50000,1788095711,2026-08-30T22:15:11+09:00
hyper_mscale_deeponet,39040,50000,1788095772,2026-08-30T22:16:12+09:00
hyper_mscale_deeponet,39103,50000,1788095832,2026-08-30T22:17:12+09:00
hyper_mscale_deeponet,39165,50000,1788095893,2026-08-30T22:18:13+09:00
hyper_mscale_deeponet,39228,50000,1788095953,2026-08-30T22:19:13+09:00
hyper_mscale_deeponet,39291,50000,1788096014,2026-08-30T22:20:14+09:00
hyper_mscale_deeponet,39355,50000,1788096074,2026-08-30T22:21:14+09:00
hyper_mscale_deeponet,39419,50000,1788096135,2026-08-30T22:22:15+09:00
hyper_mscale_deeponet,39483,50000,1788096195,2026-08-30T22:23:15+09:00
hyper_mscale_deeponet,39547,50000,1788096256,2026-08-30T22:24:16+09:00
hyper_mscale_deeponet,39611,50000,1788096316,2026-08-30T22:25:16+09:00
hyper_mscale_deeponet,39676,50000,1788096377,2026-08-30T22:26:17+09:00
hyper_mscale_deeponet,39740,50000,1788096437,2026-08-30T22:27:17+09:00
hyper_mscale_deeponet,39804,50000,1788096498,2026-08-30T22:28:18+09:00
hyper_mscale_deeponet,39868,50000,1788096558,2026-08-30T22:29:18+09:00
hyper_mscale_deeponet,39932,50000,1788096619,2026-08-30T22:30:19+09:00
hyper_mscale_deeponet,39996,50000,1788096679,2026-08-30T22:31:19+09:00
hyper_mscale_deeponet,40060,50000,1788096740,2026-08-30T22:32:20+09:00
hyper_mscale_deeponet,40125,50000,1788096800,2026-08-30T22:33:20+09:00
hyper_mscale_deeponet,40189,50000,1788096861,2026-08-30T22:34:21+09:00
hyper_mscale_deeponet,40254,50000,1788096922,2026-08-30T22:35:22+09:00
hyper_mscale_deeponet,40319,50000,1788096982,2026-08-30T22:36:22+09:00
hyper_mscale_deeponet,40383,50000,1788097043,2026-08-30T22:37:23+09:00
hyper_mscale_deeponet,40448,50000,1788097103,2026-08-30T22:38:23+09:00
hyper_mscale_deeponet,40512,50000,1788097164,2026-08-30T22:39:24+09:00
hyper_mscale_deeponet,40577,50000,1788097224,2026-08-30T22:40:24+09:00
hyper_mscale_deeponet,40641,50000,1788097285,2026-08-30T22:41:25+09:00
hyper_mscale_deeponet,40706,50000,1788097345,2026-08-30T22:42:25+09:00
hyper_mscale_deeponet,40771,50000,1788097406,2026-08-30T22:43:26+09:00
hyper_mscale_deeponet,40836,50000,1788097466,2026-08-30T22:44:26+09:00
hyper_mscale_deeponet,40900,50000,1788097527,2026-08-30T22:45:27+09:00
hyper_mscale_deeponet,40965,50000,1788097587,2026-08-30T22:46:27+09:00
hyper_mscale_deeponet,41029,50000,1788097648,2026-08-30T22:47:28+09:00
hyper_mscale_deeponet,41093,50000,1788097709,2026-08-30T22:48:29+09:00
hyper_mscale_deeponet,41157,50000,1788097769,2026-08-30T22:49:29+09:00
hyper_mscale_deeponet,41221,50000,1788097830,2026-08-30T22:50:30+09:00
hyper_mscale_deeponet,41285,50000,1788097890,2026-08-30T22:51:30+09:00
hyper_mscale_deeponet,41350,50000,1788097951,2026-08-30T22:52:31+09:00
hyper_mscale_deeponet,41414,50000,1788098011,2026-08-30T22:53:31+09:00
hyper_mscale_deeponet,41478,50000,1788098072,2026-08-30T22:54:32+09:00
hyper_mscale_deeponet,41542,50000,1788098132,2026-08-30T22:55:32+09:00
hyper_mscale_deeponet,41606,50000,1788098193,2026-08-30T22:56:33+09:00
hyper_mscale_deeponet,41671,50000,1788098253,2026-08-30T22:57:33+09:00
hyper_mscale_deeponet,41735,50000,1788098314,2026-08-30T22:58:34+09:00
hyper_mscale_deeponet,41799,50000,1788098375,2026-08-30T22:59:35+09:00
hyper_mscale_deeponet,41863,50000,1788098435,2026-08-30T23:00:35+09:00
hyper_mscale_deeponet,41927,50000,1788098496,2026-08-30T23:01:36+09:00
hyper_mscale_deeponet,41991,50000,1788098556,2026-08-30T23:02:36+09:00
hyper_mscale_deeponet,42055,50000,1788098617,2026-08-30T23:03:37+09:00
hyper_mscale_deeponet,42119,50000,1788098677,2026-08-30T23:04:37+09:00
hyper_mscale_deeponet,42183,50000,1788098738,2026-08-30T23:05:38+09:00
hyper_mscale_deeponet,42247,50000,1788098799,2026-08-30T23:06:39+09:00
hyper_mscale_deeponet,42311,50000,1788098859,2026-08-30T23:07:39+09:00
hyper_mscale_deeponet,42375,50000,1788098920,2026-08-30T23:08:40+09:00
hyper_mscale_deeponet,42439,50000,1788098980,2026-08-30T23:09:40+09:00
hyper_mscale_deeponet,42503,50000,1788099041,2026-08-30T23:10:41+09:00
hyper_mscale_deeponet,42567,50000,1788099101,2026-08-30T23:11:41+09:00
hyper_mscale_deeponet,42631,50000,1788099162,2026-08-30T23:12:42+09:00
hyper_mscale_deeponet,42695,50000,1788099223,2026-08-30T23:13:43+09:00
hyper_mscale_deeponet,42759,50000,1788099283,2026-08-30T23:14:43+09:00
hyper_mscale_deeponet,42823,50000,1788099344,2026-08-30T23:15:44+09:00
hyper_mscale_deeponet,42887,50000,1788099404,2026-08-30T23:16:44+09:00
hyper_mscale_deeponet,42950,50000,1788099465,2026-08-30T23:17:45+09:00
hyper_mscale_deeponet,43014,50000,1788099526,2026-08-30T23:18:46+09:00
hyper_mscale_deeponet,43077,50000,1788099586,2026-08-30T23:19:46+09:00
hyper_mscale_deeponet,43141,50000,1788099647,2026-08-30T23:20:47+09:00
hyper_mscale_deeponet,43205,50000,1788099707,2026-08-30T23:21:47+09:00
hyper_mscale_deeponet,43269,50000,1788099768,2026-08-30T23:22:48+09:00
hyper_mscale_deeponet,43332,50000,1788099829,2026-08-30T23:23:49+09:00
hyper_mscale_deeponet,43396,50000,1788099889,2026-08-30T23:24:49+09:00
hyper_mscale_deeponet,43460,50000,1788099950,2026-08-30T23:25:50+09:00
hyper_mscale_deeponet,43523,50000,1788100010,2026-08-30T23:26:50+09:00
hyper_mscale_deeponet,43588,50000,1788100071,2026-08-30T23:27:51+09:00
hyper_mscale_deeponet,43652,50000,1788100132,2026-08-30T23:28:52+09:00
hyper_mscale_deeponet,43715,50000,1788100192,2026-08-30T23:29:52+09:00
hyper_mscale_deeponet,43778,50000,1788100253,2026-08-30T23:30:53+09:00
hyper_mscale_deeponet,43841,50000,1788100313,2026-08-30T23:31:53+09:00
hyper_mscale_deeponet,43905,50000,1788100374,2026-08-30T23:32:54+09:00
hyper_mscale_deeponet,43969,50000,1788100435,2026-08-30T23:33:55+09:00
hyper_mscale_deeponet,44033,50000,1788100495,2026-08-30T23:34:55+09:00
hyper_mscale_deeponet,44097,50000,1788100556,2026-08-30T23:35:56+09:00
hyper_mscale_deeponet,44161,50000,1788100616,2026-08-30T23:36:56+09:00
hyper_mscale_deeponet,44225,50000,1788100677,2026-08-30T23:37:57+09:00
hyper_mscale_deeponet,44289,50000,1788100738,2026-08-30T23:38:58+09:00
hyper_mscale_deeponet,44353,50000,1788100798,2026-08-30T23:39:58+09:00
hyper_mscale_deeponet,44417,50000,1788100859,2026-08-30T23:40:59+09:00
hyper_mscale_deeponet,44481,50000,1788100919,2026-08-30T23:41:59+09:00
hyper_mscale_deeponet,44545,50000,1788100980,2026-08-30T23:43:00+09:00
hyper_mscale_deeponet,44610,50000,1788101041,2026-08-30T23:44:01+09:00
hyper_mscale_deeponet,44674,50000,1788101101,2026-08-30T23:45:01+09:00
hyper_mscale_deeponet,44738,50000,1788101162,2026-08-30T23:46:02+09:00
hyper_mscale_deeponet,44803,50000,1788101222,2026-08-30T23:47:02+09:00
hyper_mscale_deeponet,44867,50000,1788101283,2026-08-30T23:48:03+09:00
hyper_mscale_deeponet,44931,50000,1788101343,2026-08-30T23:49:03+09:00
hyper_mscale_deeponet,44995,50000,1788101404,2026-08-30T23:50:04+09:00
hyper_mscale_deeponet,45060,50000,1788101465,2026-08-30T23:51:05+09:00
hyper_mscale_deeponet,45124,50000,1788101525,2026-08-30T23:52:05+09:00
hyper_mscale_deeponet,45188,50000,1788101586,2026-08-30T23:53:06+09:00
hyper_mscale_deeponet,45253,50000,1788101646,2026-08-30T23:54:06+09:00
hyper_mscale_deeponet,45317,50000,1788101707,2026-08-30T23:55:07+09:00
hyper_mscale_deeponet,45381,50000,1788101768,2026-08-30T23:56:08+09:00
hyper_mscale_deeponet,45445,50000,1788101828,2026-08-30T23:57:08+09:00
hyper_mscale_deeponet,45510,50000,1788101889,2026-08-30T23:58:09+09:00
hyper_mscale_deeponet,45574,50000,1788101949,2026-08-30T23:59:09+09:00
hyper_mscale_deeponet,45638,50000,1788102010,2026-08-31T00:00:10+09:00
hyper_mscale_deeponet,45703,50000,1788102071,2026-08-31T00:01:11+09:00
hyper_mscale_deeponet,45767,50000,1788102131,2026-08-31T00:02:11+09:00
hyper_mscale_deeponet,45831,50000,1788102192,2026-08-31T00:03:12+09:00
hyper_mscale_deeponet,45887,50000,1788102253,2026-08-31T00:04:13+09:00
hyper_mscale_deeponet,45936,50000,1788102313,2026-08-31T00:05:13+09:00
hyper_mscale_deeponet,46000,50000,1788102374,2026-08-31T00:06:14+09:00
hyper_mscale_deeponet,46065,50000,1788102435,2026-08-31T00:07:15+09:00
hyper_mscale_deeponet,46129,50000,1788102495,2026-08-31T00:08:15+09:00
hyper_mscale_deeponet,46193,50000,1788102556,2026-08-31T00:09:16+09:00
hyper_mscale_deeponet,46257,50000,1788102616,2026-08-31T00:10:16+09:00
hyper_mscale_deeponet,46322,50000,1788102677,2026-08-31T00:11:17+09:00
hyper_mscale_deeponet,46386,50000,1788102738,2026-08-31T00:12:18+09:00
hyper_mscale_deeponet,46450,50000,1788102798,2026-08-31T00:13:18+09:00
hyper_mscale_deeponet,46514,50000,1788102859,2026-08-31T00:14:19+09:00
hyper_mscale_deeponet,46579,50000,1788102920,2026-08-31T00:15:20+09:00
hyper_mscale_deeponet,46630,50000,1788102980,2026-08-31T00:16:20+09:00
hyper_mscale_deeponet,46649,50000,1788103041,2026-08-31T00:17:21+09:00
hyper_mscale_deeponet,46670,50000,1788103102,2026-08-31T00:18:22+09:00
hyper_mscale_deeponet,46691,50000,1788103163,2026-08-31T00:19:23+09:00
hyper_mscale_deeponet,46720,50000,1788103224,2026-08-31T00:20:24+09:00
hyper_mscale_deeponet,46767,50000,1788103284,2026-08-31T00:21:24+09:00
hyper_mscale_deeponet,46831,50000,1788103345,2026-08-31T00:22:25+09:00
hyper_mscale_deeponet,46896,50000,1788103405,2026-08-31T00:23:25+09:00
hyper_mscale_deeponet,46960,50000,1788103466,2026-08-31T00:24:26+09:00
hyper_mscale_deeponet,47024,50000,1788103527,2026-08-31T00:25:27+09:00
hyper_mscale_deeponet,47089,50000,1788103587,2026-08-31T00:26:27+09:00
hyper_mscale_deeponet,47153,50000,1788103648,2026-08-31T00:27:28+09:00
hyper_mscale_deeponet,47217,50000,1788103709,2026-08-31T00:28:29+09:00
hyper_mscale_deeponet,47281,50000,1788103769,2026-08-31T00:29:29+09:00
hyper_mscale_deeponet,47346,50000,1788103830,2026-08-31T00:30:30+09:00
hyper_mscale_deeponet,47410,50000,1788103890,2026-08-31T00:31:30+09:00
hyper_mscale_deeponet,47474,50000,1788103951,2026-08-31T00:32:31+09:00
hyper_mscale_deeponet,47539,50000,1788104012,2026-08-31T00:33:32+09:00
hyper_mscale_deeponet,47603,50000,1788104072,2026-08-31T00:34:32+09:00
hyper_mscale_deeponet,47668,50000,1788104133,2026-08-31T00:35:33+09:00
hyper_mscale_deeponet,47732,50000,1788104194,2026-08-31T00:36:34+09:00
hyper_mscale_deeponet,47797,50000,1788104254,2026-08-31T00:37:34+09:00
hyper_mscale_deeponet,47861,50000,1788104315,2026-08-31T00:38:35+09:00
hyper_mscale_deeponet,47925,50000,1788104376,2026-08-31T00:39:36+09:00
hyper_mscale_deeponet,47989,50000,1788104436,2026-08-31T00:40:36+09:00
hyper_mscale_deeponet,48053,50000,1788104497,2026-08-31T00:41:37+09:00
hyper_mscale_deeponet,48118,50000,1788104557,2026-08-31T00:42:37+09:00
hyper_mscale_deeponet,48182,50000,1788104618,2026-08-31T00:43:38+09:00
hyper_mscale_deeponet,48247,50000,1788104679,2026-08-31T00:44:39+09:00
hyper_mscale_deeponet,48311,50000,1788104739,2026-08-31T00:45:39+09:00
hyper_mscale_deeponet,48375,50000,1788104800,2026-08-31T00:46:40+09:00
hyper_mscale_deeponet,48440,50000,1788104861,2026-08-31T00:47:41+09:00
hyper_mscale_deeponet,48504,50000,1788104921,2026-08-31T00:48:41+09:00
hyper_mscale_deeponet,48569,50000,1788104982,2026-08-31T00:49:42+09:00
hyper_mscale_deeponet,48633,50000,1788105043,2026-08-31T00:50:43+09:00
hyper_mscale_deeponet,48697,50000,1788105103,2026-08-31T00:51:43+09:00
hyper_mscale_deeponet,48761,50000,1788105164,2026-08-31T00:52:44+09:00
hyper_mscale_deeponet,48826,50000,1788105224,2026-08-31T00:53:44+09:00
hyper_mscale_deeponet,48890,50000,1788105285,2026-08-31T00:54:45+09:00
hyper_mscale_deeponet,48954,50000,1788105346,2026-08-31T00:55:46+09:00
hyper_mscale_deeponet,49019,50000,1788105406,2026-08-31T00:56:46+09:00
hyper_mscale_deeponet,49083,50000,1788105467,2026-08-31T00:57:47+09:00
hyper_mscale_deeponet,49147,50000,1788105528,2026-08-31T00:58:48+09:00
hyper_mscale_deeponet,49211,50000,1788105588,2026-08-31T00:59:48+09:00
hyper_mscale_deeponet,49276,50000,1788105649,2026-08-31T01:00:49+09:00
hyper_mscale_deeponet,49340,50000,1788105710,2026-08-31T01:01:50+09:00
hyper_mscale_deeponet,49404,50000,1788105770,2026-08-31T01:02:50+09:00
hyper_mscale_deeponet,49469,50000,1788105831,2026-08-31T01:03:51+09:00
hyper_mscale_deeponet,49533,50000,1788105892,2026-08-31T01:04:52+09:00
hyper_mscale_deeponet,49597,50000,1788105952,2026-08-31T01:05:52+09:00
hyper_mscale_deeponet,49661,50000,1788106013,2026-08-31T01:06:53+09:00
hyper_mscale_deeponet,49726,50000,1788106074,2026-08-31T01:07:54+09:00
hyper_mscale_deeponet,49790,50000,1788106134,2026-08-31T01:08:54+09:00
hyper_mscale_deeponet,49854,50000,1788106195,2026-08-31T01:09:55+09:00
hyper_mscale_deeponet,49919,50000,1788106256,2026-08-31T01:10:56+09:00
hyper_mscale_deeponet,49983,50000,1788106316,2026-08-31T01:11:56+09:00
hyper_mscale_deeponet,DONE,DONE,1788106376,2026-08-31T01:12:56+09:00
